File,Time
io/input_8_600_5_5_0.txt,2889.919137954712
io/input_1024_200_5_9_9.txt,6034.121084213257
io/input_1024_200_9_0_0.txt,952.0808219909668
io/input_1024_200_9_0_9.txt,387.0373249053955
io/input_2048_600_5_5_0.txt,2891.4202213287354
