File,Time
io/input_8_600_5_5_0.txt,431.6458225250244
io/input_1024_200_5_9_9.txt,1805.667781829834
io/input_1024_200_9_0_0.txt,3549.428176879883
io/input_1024_200_9_0_9.txt,243.15361976623535
io/input_2048_600_5_5_0.txt,941.3107395172119
